year,mine_active,tailings_failed,cumulative_waste_Mt,sulfate_mg_l,hg_ng_l,methyl_hg_ng_l,canada_sulfate_mg_l,manoomin_acres_lost,lake_trout_hg_ppm,loon_mortality_frac,forest_acres_lost,amphibian_collapse,wells_contaminated,forced_migrants,treaty_harvesters_displaced,mine_jobs,tourism_jobs_lost,lumber_jobs_lost,net_jobs,lake_superior_hg_loading,reservoir_km3_lost,port_jobs_at_risk,users_losing_safe_water,total_breach_days,ijc_referral_triggered,trail_smelter_liability,liability_npv_usd
0,False,False,0.0,0.0,0.0,0.0,0.0,0,0.0,0.0,0.0,False,0,0,0,0,0,0,0,0.0,0.0,0,0,0,False,False,0.0
1,False,False,0.0,0.0,0.0,0.0,0.0,0,0.0,0.0,0.0,False,0,0,0,0,0,0,0,0.0,0.0,0,0,0,False,False,0.0
2,False,False,0.0,0.0,0.0,0.0,0.0,0,0.0,0.0,0.0,False,0,0,0,0,0,0,0,0.0,0.0,0,0,0,False,False,0.0
3,False,False,0.0,0.0,0.0,0.0,0.0,0,0.0,0.0,0.0,False,0,0,0,0,0,0,0,0.0,0.0,0,0,0,False,False,0.0
4,False,False,0.0,0.0,0.0,0.0,0.0,0,0.0,0.0,0.0,False,0,0,0,0,0,0,0,0.0,0.0,0,0,0,False,False,0.0
5,False,False,0.0,0.0,0.0,0.0,0.0,0,0.0,0.0,0.0,False,0,0,0,0,0,0,0,0.0,0.0,0,0,0,False,False,0.0
6,False,False,0.0,0.0,0.0,0.0,0.0,0,0.0,0.0,0.0,False,0,0,0,0,0,0,0,0.0,0.0,0,0,0,False,False,0.0
7,False,False,0.0,0.0,0.0,0.0,0.0,0,0.0,0.0,0.0,False,0,0,0,0,0,0,0,0.0,0.0,0,0,0,False,False,0.0
8,False,False,0.0,0.0,0.0,0.0,0.0,0,0.0,0.0,0.0,False,0,0,0,0,0,0,0,0.0,0.0,0,0,0,False,False,0.0
9,False,False,0.0,0.0,0.0,0.0,0.0,0,0.0,0.0,0.0,False,0,0,0,0,0,0,0,0.0,0.0,0,0,0,False,False,0.0
10,False,False,0.0,0.0,0.0,0.0,0.0,0,0.0,0.0,0.0,False,0,0,0,0,0,0,0,0.0,0.0,0,0,0,False,False,0.0
11,False,False,0.0,0.0,0.0,0.0,0.0,0,0.0,0.0,0.0,False,0,0,0,0,0,0,0,0.0,0.0,0,0,0,False,False,0.0
12,False,False,0.0,0.0,0.0,0.0,0.0,0,0.0,0.0,0.0,False,0,0,0,0,0,0,0,0.0,0.0,0,0,0,False,False,0.0
13,False,False,0.0,0.0,0.0,0.0,0.0,0,0.0,0.0,0.0,False,0,0,0,0,0,0,0,0.0,0.0,0,0,0,False,False,0.0
14,False,False,0.0,0.0,0.0,0.0,0.0,0,0.0,0.0,0.0,False,0,0,0,0,0,0,0,0.0,0.0,0,0,0,False,False,0.0
15,False,False,0.0,0.0,0.0,0.0,0.0,0,0.0,0.0,0.0,False,0,0,0,0,0,0,0,0.0,0.0,0,0,0,False,False,0.0
16,False,False,0.0,0.0,0.0,0.0,0.0,0,0.0,0.0,0.0,False,0,0,0,0,0,0,0,0.0,0.0,0,0,0,False,False,0.0
17,False,False,0.0,0.0,0.0,0.0,0.0,0,0.0,0.0,0.0,False,0,0,0,0,0,0,0,0.0,0.0,0,0,0,False,False,0.0
18,False,False,0.0,0.0,0.0,0.0,0.0,0,0.0,0.0,0.0,False,0,0,0,0,0,0,0,0.0,0.0,0,0,0,False,False,0.0
19,False,False,0.0,0.0,0.0,0.0,0.0,0,0.0,0.0,0.0,False,0,0,0,0,0,0,0,0.0,0.0,0,0,0,False,False,0.0
20,False,False,0.0,0.0,0.0,0.0,0.0,0,0.0,0.0,0.0,False,0,0,0,0,0,0,0,0.0,0.0,0,0,0,False,False,0.0
21,False,False,0.0,0.0,0.0,0.0,0.0,0,0.0,0.0,0.0,False,0,0,0,0,0,0,0,0.0,0.0,0,0,0,False,False,0.0
22,False,False,0.0,0.0,0.0,0.0,0.0,0,0.0,0.0,0.0,False,0,0,0,0,0,0,0,0.0,0.0,0,0,0,False,False,0.0
23,False,False,0.0,0.0,0.0,0.0,0.0,0,0.0,0.0,0.0,False,0,0,0,0,0,0,0,0.0,0.0,0,0,0,False,False,0.0
24,False,False,0.0,0.0,0.0,0.0,0.0,0,0.0,0.0,0.0,False,0,0,0,0,0,0,0,0.0,0.0,0,0,0,False,False,0.0
25,False,False,0.0,0.0,0.0,0.0,0.0,0,0.0,0.0,0.0,False,0,0,0,0,0,0,0,0.0,0.0,0,0,0,False,False,0.0
26,False,False,0.0,0.0,0.0,0.0,0.0,0,0.0,0.0,0.0,False,0,0,0,0,0,0,0,0.0,0.0,0,0,0,False,False,0.0
27,False,False,0.0,0.0,0.0,0.0,0.0,0,0.0,0.0,0.0,False,0,0,0,0,0,0,0,0.0,0.0,0,0,0,False,False,0.0
28,False,False,0.0,0.0,0.0,0.0,0.0,0,0.0,0.0,0.0,False,0,0,0,0,0,0,0,0.0,0.0,0,0,0,False,False,0.0
29,False,False,0.0,0.0,0.0,0.0,0.0,0,0.0,0.0,0.0,False,0,0,0,0,0,0,0,0.0,0.0,0,0,0,False,False,0.0
30,False,False,0.0,0.0,0.0,0.0,0.0,0,0.0,0.0,0.0,False,0,0,0,0,0,0,0,0.0,0.0,0,0,0,False,False,0.0
31,False,False,0.0,0.0,0.0,0.0,0.0,0,0.0,0.0,0.0,False,0,0,0,0,0,0,0,0.0,0.0,0,0,0,False,False,0.0
32,False,False,0.0,0.0,0.0,0.0,0.0,0,0.0,0.0,0.0,False,0,0,0,0,0,0,0,0.0,0.0,0,0,0,False,False,0.0
33,False,False,0.0,0.0,0.0,0.0,0.0,0,0.0,0.0,0.0,False,0,0,0,0,0,0,0,0.0,0.0,0,0,0,False,False,0.0
34,False,False,0.0,0.0,0.0,0.0,0.0,0,0.0,0.0,0.0,False,0,0,0,0,0,0,0,0.0,0.0,0,0,0,False,False,0.0
35,False,False,0.0,0.0,0.0,0.0,0.0,0,0.0,0.0,0.0,False,0,0,0,0,0,0,0,0.0,0.0,0,0,0,False,False,0.0
36,False,False,0.0,0.0,0.0,0.0,0.0,0,0.0,0.0,0.0,False,0,0,0,0,0,0,0,0.0,0.0,0,0,0,False,False,0.0
37,False,False,0.0,0.0,0.0,0.0,0.0,0,0.0,0.0,0.0,False,0,0,0,0,0,0,0,0.0,0.0,0,0,0,False,False,0.0
38,False,False,0.0,0.0,0.0,0.0,0.0,0,0.0,0.0,0.0,False,0,0,0,0,0,0,0,0.0,0.0,0,0,0,False,False,0.0
39,False,False,0.0,0.0,0.0,0.0,0.0,0,0.0,0.0,0.0,False,0,0,0,0,0,0,0,0.0,0.0,0,0,0,False,False,0.0
40,False,False,0.0,0.0,0.0,0.0,0.0,0,0.0,0.0,0.0,False,0,0,0,0,0,0,0,0.0,0.0,0,0,0,False,False,0.0
41,False,False,0.0,0.0,0.0,0.0,0.0,0,0.0,0.0,0.0,False,0,0,0,0,0,0,0,0.0,0.0,0,0,0,False,False,0.0
42,False,False,0.0,0.0,0.0,0.0,0.0,0,0.0,0.0,0.0,False,0,0,0,0,0,0,0,0.0,0.0,0,0,0,False,False,0.0
43,False,False,0.0,0.0,0.0,0.0,0.0,0,0.0,0.0,0.0,False,0,0,0,0,0,0,0,0.0,0.0,0,0,0,False,False,0.0
44,False,False,0.0,0.0,0.0,0.0,0.0,0,0.0,0.0,0.0,False,0,0,0,0,0,0,0,0.0,0.0,0,0,0,False,False,0.0
45,False,False,0.0,0.0,0.0,0.0,0.0,0,0.0,0.0,0.0,False,0,0,0,0,0,0,0,0.0,0.0,0,0,0,False,False,0.0
46,False,False,0.0,0.0,0.0,0.0,0.0,0,0.0,0.0,0.0,False,0,0,0,0,0,0,0,0.0,0.0,0,0,0,False,False,0.0
47,False,False,0.0,0.0,0.0,0.0,0.0,0,0.0,0.0,0.0,False,0,0,0,0,0,0,0,0.0,0.0,0,0,0,False,False,0.0
48,False,False,0.0,0.0,0.0,0.0,0.0,0,0.0,0.0,0.0,False,0,0,0,0,0,0,0,0.0,0.0,0,0,0,False,False,0.0
49,False,False,0.0,0.0,0.0,0.0,0.0,0,0.0,0.0,0.0,False,0,0,0,0,0,0,0,0.0,0.0,0,0,0,False,False,0.0
50,False,False,0.0,0.0,0.0,0.0,0.0,0,0.0,0.0,0.0,False,0,0,0,0,0,0,0,0.0,0.0,0,0,0,False,False,0.0
51,False,False,0.0,0.0,0.0,0.0,0.0,0,0.0,0.0,0.0,False,0,0,0,0,0,0,0,0.0,0.0,0,0,0,False,False,0.0
52,False,False,0.0,0.0,0.0,0.0,0.0,0,0.0,0.0,0.0,False,0,0,0,0,0,0,0,0.0,0.0,0,0,0,False,False,0.0
53,False,False,0.0,0.0,0.0,0.0,0.0,0,0.0,0.0,0.0,False,0,0,0,0,0,0,0,0.0,0.0,0,0,0,False,False,0.0
54,False,False,0.0,0.0,0.0,0.0,0.0,0,0.0,0.0,0.0,False,0,0,0,0,0,0,0,0.0,0.0,0,0,0,False,False,0.0
55,False,False,0.0,0.0,0.0,0.0,0.0,0,0.0,0.0,0.0,False,0,0,0,0,0,0,0,0.0,0.0,0,0,0,False,False,0.0
56,False,False,0.0,0.0,0.0,0.0,0.0,0,0.0,0.0,0.0,False,0,0,0,0,0,0,0,0.0,0.0,0,0,0,False,False,0.0
57,False,False,0.0,0.0,0.0,0.0,0.0,0,0.0,0.0,0.0,False,0,0,0,0,0,0,0,0.0,0.0,0,0,0,False,False,0.0
58,False,False,0.0,0.0,0.0,0.0,0.0,0,0.0,0.0,0.0,False,0,0,0,0,0,0,0,0.0,0.0,0,0,0,False,False,0.0
59,False,False,0.0,0.0,0.0,0.0,0.0,0,0.0,0.0,0.0,False,0,0,0,0,0,0,0,0.0,0.0,0,0,0,False,False,0.0
60,False,False,0.0,0.0,0.0,0.0,0.0,0,0.0,0.0,0.0,False,0,0,0,0,0,0,0,0.0,0.0,0,0,0,False,False,0.0
61,False,False,0.0,0.0,0.0,0.0,0.0,0,0.0,0.0,0.0,False,0,0,0,0,0,0,0,0.0,0.0,0,0,0,False,False,0.0
62,False,False,0.0,0.0,0.0,0.0,0.0,0,0.0,0.0,0.0,False,0,0,0,0,0,0,0,0.0,0.0,0,0,0,False,False,0.0
63,False,False,0.0,0.0,0.0,0.0,0.0,0,0.0,0.0,0.0,False,0,0,0,0,0,0,0,0.0,0.0,0,0,0,False,False,0.0
64,False,False,0.0,0.0,0.0,0.0,0.0,0,0.0,0.0,0.0,False,0,0,0,0,0,0,0,0.0,0.0,0,0,0,False,False,0.0
65,False,False,0.0,0.0,0.0,0.0,0.0,0,0.0,0.0,0.0,False,0,0,0,0,0,0,0,0.0,0.0,0,0,0,False,False,0.0
66,False,False,0.0,0.0,0.0,0.0,0.0,0,0.0,0.0,0.0,False,0,0,0,0,0,0,0,0.0,0.0,0,0,0,False,False,0.0
67,False,False,0.0,0.0,0.0,0.0,0.0,0,0.0,0.0,0.0,False,0,0,0,0,0,0,0,0.0,0.0,0,0,0,False,False,0.0
68,False,False,0.0,0.0,0.0,0.0,0.0,0,0.0,0.0,0.0,False,0,0,0,0,0,0,0,0.0,0.0,0,0,0,False,False,0.0
69,False,False,0.0,0.0,0.0,0.0,0.0,0,0.0,0.0,0.0,False,0,0,0,0,0,0,0,0.0,0.0,0,0,0,False,False,0.0
70,False,False,0.0,0.0,0.0,0.0,0.0,0,0.0,0.0,0.0,False,0,0,0,0,0,0,0,0.0,0.0,0,0,0,False,False,0.0
71,False,False,0.0,0.0,0.0,0.0,0.0,0,0.0,0.0,0.0,False,0,0,0,0,0,0,0,0.0,0.0,0,0,0,False,False,0.0
72,False,False,0.0,0.0,0.0,0.0,0.0,0,0.0,0.0,0.0,False,0,0,0,0,0,0,0,0.0,0.0,0,0,0,False,False,0.0
73,False,False,0.0,0.0,0.0,0.0,0.0,0,0.0,0.0,0.0,False,0,0,0,0,0,0,0,0.0,0.0,0,0,0,False,False,0.0
74,False,False,0.0,0.0,0.0,0.0,0.0,0,0.0,0.0,0.0,False,0,0,0,0,0,0,0,0.0,0.0,0,0,0,False,False,0.0
75,False,False,0.0,0.0,0.0,0.0,0.0,0,0.0,0.0,0.0,False,0,0,0,0,0,0,0,0.0,0.0,0,0,0,False,False,0.0
76,False,False,0.0,0.0,0.0,0.0,0.0,0,0.0,0.0,0.0,False,0,0,0,0,0,0,0,0.0,0.0,0,0,0,False,False,0.0
77,False,False,0.0,0.0,0.0,0.0,0.0,0,0.0,0.0,0.0,False,0,0,0,0,0,0,0,0.0,0.0,0,0,0,False,False,0.0
78,False,False,0.0,0.0,0.0,0.0,0.0,0,0.0,0.0,0.0,False,0,0,0,0,0,0,0,0.0,0.0,0,0,0,False,False,0.0
79,False,False,0.0,0.0,0.0,0.0,0.0,0,0.0,0.0,0.0,False,0,0,0,0,0,0,0,0.0,0.0,0,0,0,False,False,0.0
80,False,False,0.0,0.0,0.0,0.0,0.0,0,0.0,0.0,0.0,False,0,0,0,0,0,0,0,0.0,0.0,0,0,0,False,False,0.0
81,False,False,0.0,0.0,0.0,0.0,0.0,0,0.0,0.0,0.0,False,0,0,0,0,0,0,0,0.0,0.0,0,0,0,False,False,0.0
82,False,False,0.0,0.0,0.0,0.0,0.0,0,0.0,0.0,0.0,False,0,0,0,0,0,0,0,0.0,0.0,0,0,0,False,False,0.0
83,False,False,0.0,0.0,0.0,0.0,0.0,0,0.0,0.0,0.0,False,0,0,0,0,0,0,0,0.0,0.0,0,0,0,False,False,0.0
84,False,False,0.0,0.0,0.0,0.0,0.0,0,0.0,0.0,0.0,False,0,0,0,0,0,0,0,0.0,0.0,0,0,0,False,False,0.0
85,False,False,0.0,0.0,0.0,0.0,0.0,0,0.0,0.0,0.0,False,0,0,0,0,0,0,0,0.0,0.0,0,0,0,False,False,0.0
86,False,False,0.0,0.0,0.0,0.0,0.0,0,0.0,0.0,0.0,False,0,0,0,0,0,0,0,0.0,0.0,0,0,0,False,False,0.0
87,False,False,0.0,0.0,0.0,0.0,0.0,0,0.0,0.0,0.0,False,0,0,0,0,0,0,0,0.0,0.0,0,0,0,False,False,0.0
88,False,False,0.0,0.0,0.0,0.0,0.0,0,0.0,0.0,0.0,False,0,0,0,0,0,0,0,0.0,0.0,0,0,0,False,False,0.0
89,False,False,0.0,0.0,0.0,0.0,0.0,0,0.0,0.0,0.0,False,0,0,0,0,0,0,0,0.0,0.0,0,0,0,False,False,0.0
90,False,False,0.0,0.0,0.0,0.0,0.0,0,0.0,0.0,0.0,False,0,0,0,0,0,0,0,0.0,0.0,0,0,0,False,False,0.0
91,False,False,0.0,0.0,0.0,0.0,0.0,0,0.0,0.0,0.0,False,0,0,0,0,0,0,0,0.0,0.0,0,0,0,False,False,0.0
92,False,False,0.0,0.0,0.0,0.0,0.0,0,0.0,0.0,0.0,False,0,0,0,0,0,0,0,0.0,0.0,0,0,0,False,False,0.0
93,False,False,0.0,0.0,0.0,0.0,0.0,0,0.0,0.0,0.0,False,0,0,0,0,0,0,0,0.0,0.0,0,0,0,False,False,0.0
94,False,False,0.0,0.0,0.0,0.0,0.0,0,0.0,0.0,0.0,False,0,0,0,0,0,0,0,0.0,0.0,0,0,0,False,False,0.0
95,False,False,0.0,0.0,0.0,0.0,0.0,0,0.0,0.0,0.0,False,0,0,0,0,0,0,0,0.0,0.0,0,0,0,False,False,0.0
96,False,False,0.0,0.0,0.0,0.0,0.0,0,0.0,0.0,0.0,False,0,0,0,0,0,0,0,0.0,0.0,0,0,0,False,False,0.0
97,False,False,0.0,0.0,0.0,0.0,0.0,0,0.0,0.0,0.0,False,0,0,0,0,0,0,0,0.0,0.0,0,0,0,False,False,0.0
98,False,False,0.0,0.0,0.0,0.0,0.0,0,0.0,0.0,0.0,False,0,0,0,0,0,0,0,0.0,0.0,0,0,0,False,False,0.0
99,False,False,0.0,0.0,0.0,0.0,0.0,0,0.0,0.0,0.0,False,0,0,0,0,0,0,0,0.0,0.0,0,0,0,False,False,0.0
100,False,False,0.0,0.0,0.0,0.0,0.0,0,0.0,0.0,0.0,False,0,0,0,0,0,0,0,0.0,0.0,0,0,0,False,False,0.0
101,False,False,0.0,0.0,0.0,0.0,0.0,0,0.0,0.0,0.0,False,0,0,0,0,0,0,0,0.0,0.0,0,0,0,False,False,0.0
102,False,False,0.0,0.0,0.0,0.0,0.0,0,0.0,0.0,0.0,False,0,0,0,0,0,0,0,0.0,0.0,0,0,0,False,False,0.0
103,False,False,0.0,0.0,0.0,0.0,0.0,0,0.0,0.0,0.0,False,0,0,0,0,0,0,0,0.0,0.0,0,0,0,False,False,0.0
104,False,False,0.0,0.0,0.0,0.0,0.0,0,0.0,0.0,0.0,False,0,0,0,0,0,0,0,0.0,0.0,0,0,0,False,False,0.0
105,False,False,0.0,0.0,0.0,0.0,0.0,0,0.0,0.0,0.0,False,0,0,0,0,0,0,0,0.0,0.0,0,0,0,False,False,0.0
106,False,False,0.0,0.0,0.0,0.0,0.0,0,0.0,0.0,0.0,False,0,0,0,0,0,0,0,0.0,0.0,0,0,0,False,False,0.0
107,False,False,0.0,0.0,0.0,0.0,0.0,0,0.0,0.0,0.0,False,0,0,0,0,0,0,0,0.0,0.0,0,0,0,False,False,0.0
108,False,False,0.0,0.0,0.0,0.0,0.0,0,0.0,0.0,0.0,False,0,0,0,0,0,0,0,0.0,0.0,0,0,0,False,False,0.0
109,False,False,0.0,0.0,0.0,0.0,0.0,0,0.0,0.0,0.0,False,0,0,0,0,0,0,0,0.0,0.0,0,0,0,False,False,0.0
110,False,False,0.0,0.0,0.0,0.0,0.0,0,0.0,0.0,0.0,False,0,0,0,0,0,0,0,0.0,0.0,0,0,0,False,False,0.0
111,False,False,0.0,0.0,0.0,0.0,0.0,0,0.0,0.0,0.0,False,0,0,0,0,0,0,0,0.0,0.0,0,0,0,False,False,0.0
112,False,False,0.0,0.0,0.0,0.0,0.0,0,0.0,0.0,0.0,False,0,0,0,0,0,0,0,0.0,0.0,0,0,0,False,False,0.0
113,False,False,0.0,0.0,0.0,0.0,0.0,0,0.0,0.0,0.0,False,0,0,0,0,0,0,0,0.0,0.0,0,0,0,False,False,0.0
114,False,False,0.0,0.0,0.0,0.0,0.0,0,0.0,0.0,0.0,False,0,0,0,0,0,0,0,0.0,0.0,0,0,0,False,False,0.0
115,False,False,0.0,0.0,0.0,0.0,0.0,0,0.0,0.0,0.0,False,0,0,0,0,0,0,0,0.0,0.0,0,0,0,False,False,0.0
116,False,False,0.0,0.0,0.0,0.0,0.0,0,0.0,0.0,0.0,False,0,0,0,0,0,0,0,0.0,0.0,0,0,0,False,False,0.0
117,False,False,0.0,0.0,0.0,0.0,0.0,0,0.0,0.0,0.0,False,0,0,0,0,0,0,0,0.0,0.0,0,0,0,False,False,0.0
118,False,False,0.0,0.0,0.0,0.0,0.0,0,0.0,0.0,0.0,False,0,0,0,0,0,0,0,0.0,0.0,0,0,0,False,False,0.0
119,False,False,0.0,0.0,0.0,0.0,0.0,0,0.0,0.0,0.0,False,0,0,0,0,0,0,0,0.0,0.0,0,0,0,False,False,0.0
120,False,False,0.0,0.0,0.0,0.0,0.0,0,0.0,0.0,0.0,False,0,0,0,0,0,0,0,0.0,0.0,0,0,0,False,False,0.0
121,False,False,0.0,0.0,0.0,0.0,0.0,0,0.0,0.0,0.0,False,0,0,0,0,0,0,0,0.0,0.0,0,0,0,False,False,0.0
122,False,False,0.0,0.0,0.0,0.0,0.0,0,0.0,0.0,0.0,False,0,0,0,0,0,0,0,0.0,0.0,0,0,0,False,False,0.0
123,False,False,0.0,0.0,0.0,0.0,0.0,0,0.0,0.0,0.0,False,0,0,0,0,0,0,0,0.0,0.0,0,0,0,False,False,0.0
124,False,False,0.0,0.0,0.0,0.0,0.0,0,0.0,0.0,0.0,False,0,0,0,0,0,0,0,0.0,0.0,0,0,0,False,False,0.0
125,False,False,0.0,0.0,0.0,0.0,0.0,0,0.0,0.0,0.0,False,0,0,0,0,0,0,0,0.0,0.0,0,0,0,False,False,0.0
126,False,False,0.0,0.0,0.0,0.0,0.0,0,0.0,0.0,0.0,False,0,0,0,0,0,0,0,0.0,0.0,0,0,0,False,False,0.0
127,False,False,0.0,0.0,0.0,0.0,0.0,0,0.0,0.0,0.0,False,0,0,0,0,0,0,0,0.0,0.0,0,0,0,False,False,0.0
128,False,False,0.0,0.0,0.0,0.0,0.0,0,0.0,0.0,0.0,False,0,0,0,0,0,0,0,0.0,0.0,0,0,0,False,False,0.0
129,False,False,0.0,0.0,0.0,0.0,0.0,0,0.0,0.0,0.0,False,0,0,0,0,0,0,0,0.0,0.0,0,0,0,False,False,0.0
130,False,False,0.0,0.0,0.0,0.0,0.0,0,0.0,0.0,0.0,False,0,0,0,0,0,0,0,0.0,0.0,0,0,0,False,False,0.0
131,False,False,0.0,0.0,0.0,0.0,0.0,0,0.0,0.0,0.0,False,0,0,0,0,0,0,0,0.0,0.0,0,0,0,False,False,0.0
132,False,False,0.0,0.0,0.0,0.0,0.0,0,0.0,0.0,0.0,False,0,0,0,0,0,0,0,0.0,0.0,0,0,0,False,False,0.0
133,False,False,0.0,0.0,0.0,0.0,0.0,0,0.0,0.0,0.0,False,0,0,0,0,0,0,0,0.0,0.0,0,0,0,False,False,0.0
134,False,False,0.0,0.0,0.0,0.0,0.0,0,0.0,0.0,0.0,False,0,0,0,0,0,0,0,0.0,0.0,0,0,0,False,False,0.0
135,False,False,0.0,0.0,0.0,0.0,0.0,0,0.0,0.0,0.0,False,0,0,0,0,0,0,0,0.0,0.0,0,0,0,False,False,0.0
136,False,False,0.0,0.0,0.0,0.0,0.0,0,0.0,0.0,0.0,False,0,0,0,0,0,0,0,0.0,0.0,0,0,0,False,False,0.0
137,False,False,0.0,0.0,0.0,0.0,0.0,0,0.0,0.0,0.0,False,0,0,0,0,0,0,0,0.0,0.0,0,0,0,False,False,0.0
138,False,False,0.0,0.0,0.0,0.0,0.0,0,0.0,0.0,0.0,False,0,0,0,0,0,0,0,0.0,0.0,0,0,0,False,False,0.0
139,False,False,0.0,0.0,0.0,0.0,0.0,0,0.0,0.0,0.0,False,0,0,0,0,0,0,0,0.0,0.0,0,0,0,False,False,0.0
140,False,False,0.0,0.0,0.0,0.0,0.0,0,0.0,0.0,0.0,False,0,0,0,0,0,0,0,0.0,0.0,0,0,0,False,False,0.0
141,False,False,0.0,0.0,0.0,0.0,0.0,0,0.0,0.0,0.0,False,0,0,0,0,0,0,0,0.0,0.0,0,0,0,False,False,0.0
142,False,False,0.0,0.0,0.0,0.0,0.0,0,0.0,0.0,0.0,False,0,0,0,0,0,0,0,0.0,0.0,0,0,0,False,False,0.0
143,False,False,0.0,0.0,0.0,0.0,0.0,0,0.0,0.0,0.0,False,0,0,0,0,0,0,0,0.0,0.0,0,0,0,False,False,0.0
144,False,False,0.0,0.0,0.0,0.0,0.0,0,0.0,0.0,0.0,False,0,0,0,0,0,0,0,0.0,0.0,0,0,0,False,False,0.0
145,False,False,0.0,0.0,0.0,0.0,0.0,0,0.0,0.0,0.0,False,0,0,0,0,0,0,0,0.0,0.0,0,0,0,False,False,0.0
146,False,False,0.0,0.0,0.0,0.0,0.0,0,0.0,0.0,0.0,False,0,0,0,0,0,0,0,0.0,0.0,0,0,0,False,False,0.0
147,False,False,0.0,0.0,0.0,0.0,0.0,0,0.0,0.0,0.0,False,0,0,0,0,0,0,0,0.0,0.0,0,0,0,False,False,0.0
148,False,False,0.0,0.0,0.0,0.0,0.0,0,0.0,0.0,0.0,False,0,0,0,0,0,0,0,0.0,0.0,0,0,0,False,False,0.0
149,False,False,0.0,0.0,0.0,0.0,0.0,0,0.0,0.0,0.0,False,0,0,0,0,0,0,0,0.0,0.0,0,0,0,False,False,0.0
150,False,False,0.0,0.0,0.0,0.0,0.0,0,0.0,0.0,0.0,False,0,0,0,0,0,0,0,0.0,0.0,0,0,0,False,False,0.0
151,False,False,0.0,0.0,0.0,0.0,0.0,0,0.0,0.0,0.0,False,0,0,0,0,0,0,0,0.0,0.0,0,0,0,False,False,0.0
152,False,False,0.0,0.0,0.0,0.0,0.0,0,0.0,0.0,0.0,False,0,0,0,0,0,0,0,0.0,0.0,0,0,0,False,False,0.0
153,False,False,0.0,0.0,0.0,0.0,0.0,0,0.0,0.0,0.0,False,0,0,0,0,0,0,0,0.0,0.0,0,0,0,False,False,0.0
154,False,False,0.0,0.0,0.0,0.0,0.0,0,0.0,0.0,0.0,False,0,0,0,0,0,0,0,0.0,0.0,0,0,0,False,False,0.0
155,False,False,0.0,0.0,0.0,0.0,0.0,0,0.0,0.0,0.0,False,0,0,0,0,0,0,0,0.0,0.0,0,0,0,False,False,0.0
156,False,False,0.0,0.0,0.0,0.0,0.0,0,0.0,0.0,0.0,False,0,0,0,0,0,0,0,0.0,0.0,0,0,0,False,False,0.0
157,False,False,0.0,0.0,0.0,0.0,0.0,0,0.0,0.0,0.0,False,0,0,0,0,0,0,0,0.0,0.0,0,0,0,False,False,0.0
158,False,False,0.0,0.0,0.0,0.0,0.0,0,0.0,0.0,0.0,False,0,0,0,0,0,0,0,0.0,0.0,0,0,0,False,False,0.0
159,False,False,0.0,0.0,0.0,0.0,0.0,0,0.0,0.0,0.0,False,0,0,0,0,0,0,0,0.0,0.0,0,0,0,False,False,0.0
160,False,False,0.0,0.0,0.0,0.0,0.0,0,0.0,0.0,0.0,False,0,0,0,0,0,0,0,0.0,0.0,0,0,0,False,False,0.0
161,False,False,0.0,0.0,0.0,0.0,0.0,0,0.0,0.0,0.0,False,0,0,0,0,0,0,0,0.0,0.0,0,0,0,False,False,0.0
162,False,False,0.0,0.0,0.0,0.0,0.0,0,0.0,0.0,0.0,False,0,0,0,0,0,0,0,0.0,0.0,0,0,0,False,False,0.0
163,False,False,0.0,0.0,0.0,0.0,0.0,0,0.0,0.0,0.0,False,0,0,0,0,0,0,0,0.0,0.0,0,0,0,False,False,0.0
164,False,False,0.0,0.0,0.0,0.0,0.0,0,0.0,0.0,0.0,False,0,0,0,0,0,0,0,0.0,0.0,0,0,0,False,False,0.0
165,False,False,0.0,0.0,0.0,0.0,0.0,0,0.0,0.0,0.0,False,0,0,0,0,0,0,0,0.0,0.0,0,0,0,False,False,0.0
166,False,False,0.0,0.0,0.0,0.0,0.0,0,0.0,0.0,0.0,False,0,0,0,0,0,0,0,0.0,0.0,0,0,0,False,False,0.0
167,False,False,0.0,0.0,0.0,0.0,0.0,0,0.0,0.0,0.0,False,0,0,0,0,0,0,0,0.0,0.0,0,0,0,False,False,0.0
168,False,False,0.0,0.0,0.0,0.0,0.0,0,0.0,0.0,0.0,False,0,0,0,0,0,0,0,0.0,0.0,0,0,0,False,False,0.0
169,False,False,0.0,0.0,0.0,0.0,0.0,0,0.0,0.0,0.0,False,0,0,0,0,0,0,0,0.0,0.0,0,0,0,False,False,0.0
170,False,False,0.0,0.0,0.0,0.0,0.0,0,0.0,0.0,0.0,False,0,0,0,0,0,0,0,0.0,0.0,0,0,0,False,False,0.0
171,False,False,0.0,0.0,0.0,0.0,0.0,0,0.0,0.0,0.0,False,0,0,0,0,0,0,0,0.0,0.0,0,0,0,False,False,0.0
172,False,False,0.0,0.0,0.0,0.0,0.0,0,0.0,0.0,0.0,False,0,0,0,0,0,0,0,0.0,0.0,0,0,0,False,False,0.0
173,False,False,0.0,0.0,0.0,0.0,0.0,0,0.0,0.0,0.0,False,0,0,0,0,0,0,0,0.0,0.0,0,0,0,False,False,0.0
174,False,False,0.0,0.0,0.0,0.0,0.0,0,0.0,0.0,0.0,False,0,0,0,0,0,0,0,0.0,0.0,0,0,0,False,False,0.0
175,False,False,0.0,0.0,0.0,0.0,0.0,0,0.0,0.0,0.0,False,0,0,0,0,0,0,0,0.0,0.0,0,0,0,False,False,0.0
176,False,False,0.0,0.0,0.0,0.0,0.0,0,0.0,0.0,0.0,False,0,0,0,0,0,0,0,0.0,0.0,0,0,0,False,False,0.0
177,False,False,0.0,0.0,0.0,0.0,0.0,0,0.0,0.0,0.0,False,0,0,0,0,0,0,0,0.0,0.0,0,0,0,False,False,0.0
178,False,False,0.0,0.0,0.0,0.0,0.0,0,0.0,0.0,0.0,False,0,0,0,0,0,0,0,0.0,0.0,0,0,0,False,False,0.0
179,False,False,0.0,0.0,0.0,0.0,0.0,0,0.0,0.0,0.0,False,0,0,0,0,0,0,0,0.0,0.0,0,0,0,False,False,0.0
180,False,False,0.0,0.0,0.0,0.0,0.0,0,0.0,0.0,0.0,False,0,0,0,0,0,0,0,0.0,0.0,0,0,0,False,False,0.0
181,False,False,0.0,0.0,0.0,0.0,0.0,0,0.0,0.0,0.0,False,0,0,0,0,0,0,0,0.0,0.0,0,0,0,False,False,0.0
182,False,False,0.0,0.0,0.0,0.0,0.0,0,0.0,0.0,0.0,False,0,0,0,0,0,0,0,0.0,0.0,0,0,0,False,False,0.0
183,False,False,0.0,0.0,0.0,0.0,0.0,0,0.0,0.0,0.0,False,0,0,0,0,0,0,0,0.0,0.0,0,0,0,False,False,0.0
184,False,False,0.0,0.0,0.0,0.0,0.0,0,0.0,0.0,0.0,False,0,0,0,0,0,0,0,0.0,0.0,0,0,0,False,False,0.0
185,False,False,0.0,0.0,0.0,0.0,0.0,0,0.0,0.0,0.0,False,0,0,0,0,0,0,0,0.0,0.0,0,0,0,False,False,0.0
186,False,False,0.0,0.0,0.0,0.0,0.0,0,0.0,0.0,0.0,False,0,0,0,0,0,0,0,0.0,0.0,0,0,0,False,False,0.0
187,False,False,0.0,0.0,0.0,0.0,0.0,0,0.0,0.0,0.0,False,0,0,0,0,0,0,0,0.0,0.0,0,0,0,False,False,0.0
188,False,False,0.0,0.0,0.0,0.0,0.0,0,0.0,0.0,0.0,False,0,0,0,0,0,0,0,0.0,0.0,0,0,0,False,False,0.0
189,False,False,0.0,0.0,0.0,0.0,0.0,0,0.0,0.0,0.0,False,0,0,0,0,0,0,0,0.0,0.0,0,0,0,False,False,0.0
190,False,False,0.0,0.0,0.0,0.0,0.0,0,0.0,0.0,0.0,False,0,0,0,0,0,0,0,0.0,0.0,0,0,0,False,False,0.0
191,False,False,0.0,0.0,0.0,0.0,0.0,0,0.0,0.0,0.0,False,0,0,0,0,0,0,0,0.0,0.0,0,0,0,False,False,0.0
192,False,False,0.0,0.0,0.0,0.0,0.0,0,0.0,0.0,0.0,False,0,0,0,0,0,0,0,0.0,0.0,0,0,0,False,False,0.0
193,False,False,0.0,0.0,0.0,0.0,0.0,0,0.0,0.0,0.0,False,0,0,0,0,0,0,0,0.0,0.0,0,0,0,False,False,0.0
194,False,False,0.0,0.0,0.0,0.0,0.0,0,0.0,0.0,0.0,False,0,0,0,0,0,0,0,0.0,0.0,0,0,0,False,False,0.0
195,False,False,0.0,0.0,0.0,0.0,0.0,0,0.0,0.0,0.0,False,0,0,0,0,0,0,0,0.0,0.0,0,0,0,False,False,0.0
196,False,False,0.0,0.0,0.0,0.0,0.0,0,0.0,0.0,0.0,False,0,0,0,0,0,0,0,0.0,0.0,0,0,0,False,False,0.0
197,False,False,0.0,0.0,0.0,0.0,0.0,0,0.0,0.0,0.0,False,0,0,0,0,0,0,0,0.0,0.0,0,0,0,False,False,0.0
198,False,False,0.0,0.0,0.0,0.0,0.0,0,0.0,0.0,0.0,False,0,0,0,0,0,0,0,0.0,0.0,0,0,0,False,False,0.0
199,False,False,0.0,0.0,0.0,0.0,0.0,0,0.0,0.0,0.0,False,0,0,0,0,0,0,0,0.0,0.0,0,0,0,False,False,0.0
200,False,False,0.0,0.0,0.0,0.0,0.0,0,0.0,0.0,0.0,False,0,0,0,0,0,0,0,0.0,0.0,0,0,0,False,False,0.0
201,False,False,0.0,0.0,0.0,0.0,0.0,0,0.0,0.0,0.0,False,0,0,0,0,0,0,0,0.0,0.0,0,0,0,False,False,0.0
202,False,False,0.0,0.0,0.0,0.0,0.0,0,0.0,0.0,0.0,False,0,0,0,0,0,0,0,0.0,0.0,0,0,0,False,False,0.0
203,False,False,0.0,0.0,0.0,0.0,0.0,0,0.0,0.0,0.0,False,0,0,0,0,0,0,0,0.0,0.0,0,0,0,False,False,0.0
204,False,False,0.0,0.0,0.0,0.0,0.0,0,0.0,0.0,0.0,False,0,0,0,0,0,0,0,0.0,0.0,0,0,0,False,False,0.0
205,False,False,0.0,0.0,0.0,0.0,0.0,0,0.0,0.0,0.0,False,0,0,0,0,0,0,0,0.0,0.0,0,0,0,False,False,0.0
206,False,False,0.0,0.0,0.0,0.0,0.0,0,0.0,0.0,0.0,False,0,0,0,0,0,0,0,0.0,0.0,0,0,0,False,False,0.0
207,False,False,0.0,0.0,0.0,0.0,0.0,0,0.0,0.0,0.0,False,0,0,0,0,0,0,0,0.0,0.0,0,0,0,False,False,0.0
208,False,False,0.0,0.0,0.0,0.0,0.0,0,0.0,0.0,0.0,False,0,0,0,0,0,0,0,0.0,0.0,0,0,0,False,False,0.0
209,False,False,0.0,0.0,0.0,0.0,0.0,0,0.0,0.0,0.0,False,0,0,0,0,0,0,0,0.0,0.0,0,0,0,False,False,0.0
210,False,False,0.0,0.0,0.0,0.0,0.0,0,0.0,0.0,0.0,False,0,0,0,0,0,0,0,0.0,0.0,0,0,0,False,False,0.0
211,False,False,0.0,0.0,0.0,0.0,0.0,0,0.0,0.0,0.0,False,0,0,0,0,0,0,0,0.0,0.0,0,0,0,False,False,0.0
212,False,False,0.0,0.0,0.0,0.0,0.0,0,0.0,0.0,0.0,False,0,0,0,0,0,0,0,0.0,0.0,0,0,0,False,False,0.0
213,False,False,0.0,0.0,0.0,0.0,0.0,0,0.0,0.0,0.0,False,0,0,0,0,0,0,0,0.0,0.0,0,0,0,False,False,0.0
214,False,False,0.0,0.0,0.0,0.0,0.0,0,0.0,0.0,0.0,False,0,0,0,0,0,0,0,0.0,0.0,0,0,0,False,False,0.0
215,False,False,0.0,0.0,0.0,0.0,0.0,0,0.0,0.0,0.0,False,0,0,0,0,0,0,0,0.0,0.0,0,0,0,False,False,0.0
216,False,False,0.0,0.0,0.0,0.0,0.0,0,0.0,0.0,0.0,False,0,0,0,0,0,0,0,0.0,0.0,0,0,0,False,False,0.0
217,False,False,0.0,0.0,0.0,0.0,0.0,0,0.0,0.0,0.0,False,0,0,0,0,0,0,0,0.0,0.0,0,0,0,False,False,0.0
218,False,False,0.0,0.0,0.0,0.0,0.0,0,0.0,0.0,0.0,False,0,0,0,0,0,0,0,0.0,0.0,0,0,0,False,False,0.0
219,False,False,0.0,0.0,0.0,0.0,0.0,0,0.0,0.0,0.0,False,0,0,0,0,0,0,0,0.0,0.0,0,0,0,False,False,0.0
220,False,False,0.0,0.0,0.0,0.0,0.0,0,0.0,0.0,0.0,False,0,0,0,0,0,0,0,0.0,0.0,0,0,0,False,False,0.0
221,False,False,0.0,0.0,0.0,0.0,0.0,0,0.0,0.0,0.0,False,0,0,0,0,0,0,0,0.0,0.0,0,0,0,False,False,0.0
222,False,False,0.0,0.0,0.0,0.0,0.0,0,0.0,0.0,0.0,False,0,0,0,0,0,0,0,0.0,0.0,0,0,0,False,False,0.0
223,False,False,0.0,0.0,0.0,0.0,0.0,0,0.0,0.0,0.0,False,0,0,0,0,0,0,0,0.0,0.0,0,0,0,False,False,0.0
224,False,False,0.0,0.0,0.0,0.0,0.0,0,0.0,0.0,0.0,False,0,0,0,0,0,0,0,0.0,0.0,0,0,0,False,False,0.0
225,False,False,0.0,0.0,0.0,0.0,0.0,0,0.0,0.0,0.0,False,0,0,0,0,0,0,0,0.0,0.0,0,0,0,False,False,0.0
226,False,False,0.0,0.0,0.0,0.0,0.0,0,0.0,0.0,0.0,False,0,0,0,0,0,0,0,0.0,0.0,0,0,0,False,False,0.0
227,False,False,0.0,0.0,0.0,0.0,0.0,0,0.0,0.0,0.0,False,0,0,0,0,0,0,0,0.0,0.0,0,0,0,False,False,0.0
228,False,False,0.0,0.0,0.0,0.0,0.0,0,0.0,0.0,0.0,False,0,0,0,0,0,0,0,0.0,0.0,0,0,0,False,False,0.0
229,False,False,0.0,0.0,0.0,0.0,0.0,0,0.0,0.0,0.0,False,0,0,0,0,0,0,0,0.0,0.0,0,0,0,False,False,0.0
230,False,False,0.0,0.0,0.0,0.0,0.0,0,0.0,0.0,0.0,False,0,0,0,0,0,0,0,0.0,0.0,0,0,0,False,False,0.0
231,False,False,0.0,0.0,0.0,0.0,0.0,0,0.0,0.0,0.0,False,0,0,0,0,0,0,0,0.0,0.0,0,0,0,False,False,0.0
232,False,False,0.0,0.0,0.0,0.0,0.0,0,0.0,0.0,0.0,False,0,0,0,0,0,0,0,0.0,0.0,0,0,0,False,False,0.0
233,False,False,0.0,0.0,0.0,0.0,0.0,0,0.0,0.0,0.0,False,0,0,0,0,0,0,0,0.0,0.0,0,0,0,False,False,0.0
234,False,False,0.0,0.0,0.0,0.0,0.0,0,0.0,0.0,0.0,False,0,0,0,0,0,0,0,0.0,0.0,0,0,0,False,False,0.0
235,False,False,0.0,0.0,0.0,0.0,0.0,0,0.0,0.0,0.0,False,0,0,0,0,0,0,0,0.0,0.0,0,0,0,False,False,0.0
236,False,False,0.0,0.0,0.0,0.0,0.0,0,0.0,0.0,0.0,False,0,0,0,0,0,0,0,0.0,0.0,0,0,0,False,False,0.0
237,False,False,0.0,0.0,0.0,0.0,0.0,0,0.0,0.0,0.0,False,0,0,0,0,0,0,0,0.0,0.0,0,0,0,False,False,0.0
238,False,False,0.0,0.0,0.0,0.0,0.0,0,0.0,0.0,0.0,False,0,0,0,0,0,0,0,0.0,0.0,0,0,0,False,False,0.0
239,False,False,0.0,0.0,0.0,0.0,0.0,0,0.0,0.0,0.0,False,0,0,0,0,0,0,0,0.0,0.0,0,0,0,False,False,0.0
240,False,False,0.0,0.0,0.0,0.0,0.0,0,0.0,0.0,0.0,False,0,0,0,0,0,0,0,0.0,0.0,0,0,0,False,False,0.0
241,False,False,0.0,0.0,0.0,0.0,0.0,0,0.0,0.0,0.0,False,0,0,0,0,0,0,0,0.0,0.0,0,0,0,False,False,0.0
242,False,False,0.0,0.0,0.0,0.0,0.0,0,0.0,0.0,0.0,False,0,0,0,0,0,0,0,0.0,0.0,0,0,0,False,False,0.0
243,False,False,0.0,0.0,0.0,0.0,0.0,0,0.0,0.0,0.0,False,0,0,0,0,0,0,0,0.0,0.0,0,0,0,False,False,0.0
244,False,False,0.0,0.0,0.0,0.0,0.0,0,0.0,0.0,0.0,False,0,0,0,0,0,0,0,0.0,0.0,0,0,0,False,False,0.0
245,False,False,0.0,0.0,0.0,0.0,0.0,0,0.0,0.0,0.0,False,0,0,0,0,0,0,0,0.0,0.0,0,0,0,False,False,0.0
246,False,False,0.0,0.0,0.0,0.0,0.0,0,0.0,0.0,0.0,False,0,0,0,0,0,0,0,0.0,0.0,0,0,0,False,False,0.0
247,False,False,0.0,0.0,0.0,0.0,0.0,0,0.0,0.0,0.0,False,0,0,0,0,0,0,0,0.0,0.0,0,0,0,False,False,0.0
248,False,False,0.0,0.0,0.0,0.0,0.0,0,0.0,0.0,0.0,False,0,0,0,0,0,0,0,0.0,0.0,0,0,0,False,False,0.0
249,False,False,0.0,0.0,0.0,0.0,0.0,0,0.0,0.0,0.0,False,0,0,0,0,0,0,0,0.0,0.0,0,0,0,False,False,0.0
250,False,False,0.0,0.0,0.0,0.0,0.0,0,0.0,0.0,0.0,False,0,0,0,0,0,0,0,0.0,0.0,0,0,0,False,False,0.0
251,False,False,0.0,0.0,0.0,0.0,0.0,0,0.0,0.0,0.0,False,0,0,0,0,0,0,0,0.0,0.0,0,0,0,False,False,0.0
252,False,False,0.0,0.0,0.0,0.0,0.0,0,0.0,0.0,0.0,False,0,0,0,0,0,0,0,0.0,0.0,0,0,0,False,False,0.0
253,False,False,0.0,0.0,0.0,0.0,0.0,0,0.0,0.0,0.0,False,0,0,0,0,0,0,0,0.0,0.0,0,0,0,False,False,0.0
254,False,False,0.0,0.0,0.0,0.0,0.0,0,0.0,0.0,0.0,False,0,0,0,0,0,0,0,0.0,0.0,0,0,0,False,False,0.0
255,False,False,0.0,0.0,0.0,0.0,0.0,0,0.0,0.0,0.0,False,0,0,0,0,0,0,0,0.0,0.0,0,0,0,False,False,0.0
256,False,False,0.0,0.0,0.0,0.0,0.0,0,0.0,0.0,0.0,False,0,0,0,0,0,0,0,0.0,0.0,0,0,0,False,False,0.0
257,False,False,0.0,0.0,0.0,0.0,0.0,0,0.0,0.0,0.0,False,0,0,0,0,0,0,0,0.0,0.0,0,0,0,False,False,0.0
258,False,False,0.0,0.0,0.0,0.0,0.0,0,0.0,0.0,0.0,False,0,0,0,0,0,0,0,0.0,0.0,0,0,0,False,False,0.0
259,False,False,0.0,0.0,0.0,0.0,0.0,0,0.0,0.0,0.0,False,0,0,0,0,0,0,0,0.0,0.0,0,0,0,False,False,0.0
260,False,False,0.0,0.0,0.0,0.0,0.0,0,0.0,0.0,0.0,False,0,0,0,0,0,0,0,0.0,0.0,0,0,0,False,False,0.0
261,False,False,0.0,0.0,0.0,0.0,0.0,0,0.0,0.0,0.0,False,0,0,0,0,0,0,0,0.0,0.0,0,0,0,False,False,0.0
262,False,False,0.0,0.0,0.0,0.0,0.0,0,0.0,0.0,0.0,False,0,0,0,0,0,0,0,0.0,0.0,0,0,0,False,False,0.0
263,False,False,0.0,0.0,0.0,0.0,0.0,0,0.0,0.0,0.0,False,0,0,0,0,0,0,0,0.0,0.0,0,0,0,False,False,0.0
264,False,False,0.0,0.0,0.0,0.0,0.0,0,0.0,0.0,0.0,False,0,0,0,0,0,0,0,0.0,0.0,0,0,0,False,False,0.0
265,False,False,0.0,0.0,0.0,0.0,0.0,0,0.0,0.0,0.0,False,0,0,0,0,0,0,0,0.0,0.0,0,0,0,False,False,0.0
266,False,False,0.0,0.0,0.0,0.0,0.0,0,0.0,0.0,0.0,False,0,0,0,0,0,0,0,0.0,0.0,0,0,0,False,False,0.0
267,False,False,0.0,0.0,0.0,0.0,0.0,0,0.0,0.0,0.0,False,0,0,0,0,0,0,0,0.0,0.0,0,0,0,False,False,0.0
268,False,False,0.0,0.0,0.0,0.0,0.0,0,0.0,0.0,0.0,False,0,0,0,0,0,0,0,0.0,0.0,0,0,0,False,False,0.0
269,False,False,0.0,0.0,0.0,0.0,0.0,0,0.0,0.0,0.0,False,0,0,0,0,0,0,0,0.0,0.0,0,0,0,False,False,0.0
270,False,False,0.0,0.0,0.0,0.0,0.0,0,0.0,0.0,0.0,False,0,0,0,0,0,0,0,0.0,0.0,0,0,0,False,False,0.0
271,False,False,0.0,0.0,0.0,0.0,0.0,0,0.0,0.0,0.0,False,0,0,0,0,0,0,0,0.0,0.0,0,0,0,False,False,0.0
272,False,False,0.0,0.0,0.0,0.0,0.0,0,0.0,0.0,0.0,False,0,0,0,0,0,0,0,0.0,0.0,0,0,0,False,False,0.0
273,False,False,0.0,0.0,0.0,0.0,0.0,0,0.0,0.0,0.0,False,0,0,0,0,0,0,0,0.0,0.0,0,0,0,False,False,0.0
274,False,False,0.0,0.0,0.0,0.0,0.0,0,0.0,0.0,0.0,False,0,0,0,0,0,0,0,0.0,0.0,0,0,0,False,False,0.0
275,False,False,0.0,0.0,0.0,0.0,0.0,0,0.0,0.0,0.0,False,0,0,0,0,0,0,0,0.0,0.0,0,0,0,False,False,0.0
276,False,False,0.0,0.0,0.0,0.0,0.0,0,0.0,0.0,0.0,False,0,0,0,0,0,0,0,0.0,0.0,0,0,0,False,False,0.0
277,False,False,0.0,0.0,0.0,0.0,0.0,0,0.0,0.0,0.0,False,0,0,0,0,0,0,0,0.0,0.0,0,0,0,False,False,0.0
278,False,False,0.0,0.0,0.0,0.0,0.0,0,0.0,0.0,0.0,False,0,0,0,0,0,0,0,0.0,0.0,0,0,0,False,False,0.0
279,False,False,0.0,0.0,0.0,0.0,0.0,0,0.0,0.0,0.0,False,0,0,0,0,0,0,0,0.0,0.0,0,0,0,False,False,0.0
280,False,False,0.0,0.0,0.0,0.0,0.0,0,0.0,0.0,0.0,False,0,0,0,0,0,0,0,0.0,0.0,0,0,0,False,False,0.0
281,False,False,0.0,0.0,0.0,0.0,0.0,0,0.0,0.0,0.0,False,0,0,0,0,0,0,0,0.0,0.0,0,0,0,False,False,0.0
282,False,False,0.0,0.0,0.0,0.0,0.0,0,0.0,0.0,0.0,False,0,0,0,0,0,0,0,0.0,0.0,0,0,0,False,False,0.0
283,False,False,0.0,0.0,0.0,0.0,0.0,0,0.0,0.0,0.0,False,0,0,0,0,0,0,0,0.0,0.0,0,0,0,False,False,0.0
284,False,False,0.0,0.0,0.0,0.0,0.0,0,0.0,0.0,0.0,False,0,0,0,0,0,0,0,0.0,0.0,0,0,0,False,False,0.0
285,False,False,0.0,0.0,0.0,0.0,0.0,0,0.0,0.0,0.0,False,0,0,0,0,0,0,0,0.0,0.0,0,0,0,False,False,0.0
286,False,False,0.0,0.0,0.0,0.0,0.0,0,0.0,0.0,0.0,False,0,0,0,0,0,0,0,0.0,0.0,0,0,0,False,False,0.0
287,False,False,0.0,0.0,0.0,0.0,0.0,0,0.0,0.0,0.0,False,0,0,0,0,0,0,0,0.0,0.0,0,0,0,False,False,0.0
288,False,False,0.0,0.0,0.0,0.0,0.0,0,0.0,0.0,0.0,False,0,0,0,0,0,0,0,0.0,0.0,0,0,0,False,False,0.0
289,False,False,0.0,0.0,0.0,0.0,0.0,0,0.0,0.0,0.0,False,0,0,0,0,0,0,0,0.0,0.0,0,0,0,False,False,0.0
290,False,False,0.0,0.0,0.0,0.0,0.0,0,0.0,0.0,0.0,False,0,0,0,0,0,0,0,0.0,0.0,0,0,0,False,False,0.0
291,False,False,0.0,0.0,0.0,0.0,0.0,0,0.0,0.0,0.0,False,0,0,0,0,0,0,0,0.0,0.0,0,0,0,False,False,0.0
292,False,False,0.0,0.0,0.0,0.0,0.0,0,0.0,0.0,0.0,False,0,0,0,0,0,0,0,0.0,0.0,0,0,0,False,False,0.0
293,False,False,0.0,0.0,0.0,0.0,0.0,0,0.0,0.0,0.0,False,0,0,0,0,0,0,0,0.0,0.0,0,0,0,False,False,0.0
294,False,False,0.0,0.0,0.0,0.0,0.0,0,0.0,0.0,0.0,False,0,0,0,0,0,0,0,0.0,0.0,0,0,0,False,False,0.0
295,False,False,0.0,0.0,0.0,0.0,0.0,0,0.0,0.0,0.0,False,0,0,0,0,0,0,0,0.0,0.0,0,0,0,False,False,0.0
296,False,False,0.0,0.0,0.0,0.0,0.0,0,0.0,0.0,0.0,False,0,0,0,0,0,0,0,0.0,0.0,0,0,0,False,False,0.0
297,False,False,0.0,0.0,0.0,0.0,0.0,0,0.0,0.0,0.0,False,0,0,0,0,0,0,0,0.0,0.0,0,0,0,False,False,0.0
298,False,False,0.0,0.0,0.0,0.0,0.0,0,0.0,0.0,0.0,False,0,0,0,0,0,0,0,0.0,0.0,0,0,0,False,False,0.0
299,False,False,0.0,0.0,0.0,0.0,0.0,0,0.0,0.0,0.0,False,0,0,0,0,0,0,0,0.0,0.0,0,0,0,False,False,0.0
300,False,False,0.0,0.0,0.0,0.0,0.0,0,0.0,0.0,0.0,False,0,0,0,0,0,0,0,0.0,0.0,0,0,0,False,False,0.0
301,False,False,0.0,0.0,0.0,0.0,0.0,0,0.0,0.0,0.0,False,0,0,0,0,0,0,0,0.0,0.0,0,0,0,False,False,0.0
302,False,False,0.0,0.0,0.0,0.0,0.0,0,0.0,0.0,0.0,False,0,0,0,0,0,0,0,0.0,0.0,0,0,0,False,False,0.0
303,False,False,0.0,0.0,0.0,0.0,0.0,0,0.0,0.0,0.0,False,0,0,0,0,0,0,0,0.0,0.0,0,0,0,False,False,0.0
304,False,False,0.0,0.0,0.0,0.0,0.0,0,0.0,0.0,0.0,False,0,0,0,0,0,0,0,0.0,0.0,0,0,0,False,False,0.0
305,False,False,0.0,0.0,0.0,0.0,0.0,0,0.0,0.0,0.0,False,0,0,0,0,0,0,0,0.0,0.0,0,0,0,False,False,0.0
306,False,False,0.0,0.0,0.0,0.0,0.0,0,0.0,0.0,0.0,False,0,0,0,0,0,0,0,0.0,0.0,0,0,0,False,False,0.0
307,False,False,0.0,0.0,0.0,0.0,0.0,0,0.0,0.0,0.0,False,0,0,0,0,0,0,0,0.0,0.0,0,0,0,False,False,0.0
308,False,False,0.0,0.0,0.0,0.0,0.0,0,0.0,0.0,0.0,False,0,0,0,0,0,0,0,0.0,0.0,0,0,0,False,False,0.0
309,False,False,0.0,0.0,0.0,0.0,0.0,0,0.0,0.0,0.0,False,0,0,0,0,0,0,0,0.0,0.0,0,0,0,False,False,0.0
310,False,False,0.0,0.0,0.0,0.0,0.0,0,0.0,0.0,0.0,False,0,0,0,0,0,0,0,0.0,0.0,0,0,0,False,False,0.0
311,False,False,0.0,0.0,0.0,0.0,0.0,0,0.0,0.0,0.0,False,0,0,0,0,0,0,0,0.0,0.0,0,0,0,False,False,0.0
312,False,False,0.0,0.0,0.0,0.0,0.0,0,0.0,0.0,0.0,False,0,0,0,0,0,0,0,0.0,0.0,0,0,0,False,False,0.0
313,False,False,0.0,0.0,0.0,0.0,0.0,0,0.0,0.0,0.0,False,0,0,0,0,0,0,0,0.0,0.0,0,0,0,False,False,0.0
314,False,False,0.0,0.0,0.0,0.0,0.0,0,0.0,0.0,0.0,False,0,0,0,0,0,0,0,0.0,0.0,0,0,0,False,False,0.0
315,False,False,0.0,0.0,0.0,0.0,0.0,0,0.0,0.0,0.0,False,0,0,0,0,0,0,0,0.0,0.0,0,0,0,False,False,0.0
316,False,False,0.0,0.0,0.0,0.0,0.0,0,0.0,0.0,0.0,False,0,0,0,0,0,0,0,0.0,0.0,0,0,0,False,False,0.0
317,False,False,0.0,0.0,0.0,0.0,0.0,0,0.0,0.0,0.0,False,0,0,0,0,0,0,0,0.0,0.0,0,0,0,False,False,0.0
318,False,False,0.0,0.0,0.0,0.0,0.0,0,0.0,0.0,0.0,False,0,0,0,0,0,0,0,0.0,0.0,0,0,0,False,False,0.0
319,False,False,0.0,0.0,0.0,0.0,0.0,0,0.0,0.0,0.0,False,0,0,0,0,0,0,0,0.0,0.0,0,0,0,False,False,0.0
320,False,False,0.0,0.0,0.0,0.0,0.0,0,0.0,0.0,0.0,False,0,0,0,0,0,0,0,0.0,0.0,0,0,0,False,False,0.0
321,False,False,0.0,0.0,0.0,0.0,0.0,0,0.0,0.0,0.0,False,0,0,0,0,0,0,0,0.0,0.0,0,0,0,False,False,0.0
322,False,False,0.0,0.0,0.0,0.0,0.0,0,0.0,0.0,0.0,False,0,0,0,0,0,0,0,0.0,0.0,0,0,0,False,False,0.0
323,False,False,0.0,0.0,0.0,0.0,0.0,0,0.0,0.0,0.0,False,0,0,0,0,0,0,0,0.0,0.0,0,0,0,False,False,0.0
324,False,False,0.0,0.0,0.0,0.0,0.0,0,0.0,0.0,0.0,False,0,0,0,0,0,0,0,0.0,0.0,0,0,0,False,False,0.0
325,False,False,0.0,0.0,0.0,0.0,0.0,0,0.0,0.0,0.0,False,0,0,0,0,0,0,0,0.0,0.0,0,0,0,False,False,0.0
326,False,False,0.0,0.0,0.0,0.0,0.0,0,0.0,0.0,0.0,False,0,0,0,0,0,0,0,0.0,0.0,0,0,0,False,False,0.0
327,False,False,0.0,0.0,0.0,0.0,0.0,0,0.0,0.0,0.0,False,0,0,0,0,0,0,0,0.0,0.0,0,0,0,False,False,0.0
328,False,False,0.0,0.0,0.0,0.0,0.0,0,0.0,0.0,0.0,False,0,0,0,0,0,0,0,0.0,0.0,0,0,0,False,False,0.0
329,False,False,0.0,0.0,0.0,0.0,0.0,0,0.0,0.0,0.0,False,0,0,0,0,0,0,0,0.0,0.0,0,0,0,False,False,0.0
330,False,False,0.0,0.0,0.0,0.0,0.0,0,0.0,0.0,0.0,False,0,0,0,0,0,0,0,0.0,0.0,0,0,0,False,False,0.0
331,False,False,0.0,0.0,0.0,0.0,0.0,0,0.0,0.0,0.0,False,0,0,0,0,0,0,0,0.0,0.0,0,0,0,False,False,0.0
332,False,False,0.0,0.0,0.0,0.0,0.0,0,0.0,0.0,0.0,False,0,0,0,0,0,0,0,0.0,0.0,0,0,0,False,False,0.0
333,False,False,0.0,0.0,0.0,0.0,0.0,0,0.0,0.0,0.0,False,0,0,0,0,0,0,0,0.0,0.0,0,0,0,False,False,0.0
334,False,False,0.0,0.0,0.0,0.0,0.0,0,0.0,0.0,0.0,False,0,0,0,0,0,0,0,0.0,0.0,0,0,0,False,False,0.0
335,False,False,0.0,0.0,0.0,0.0,0.0,0,0.0,0.0,0.0,False,0,0,0,0,0,0,0,0.0,0.0,0,0,0,False,False,0.0
336,False,False,0.0,0.0,0.0,0.0,0.0,0,0.0,0.0,0.0,False,0,0,0,0,0,0,0,0.0,0.0,0,0,0,False,False,0.0
337,False,False,0.0,0.0,0.0,0.0,0.0,0,0.0,0.0,0.0,False,0,0,0,0,0,0,0,0.0,0.0,0,0,0,False,False,0.0
338,False,False,0.0,0.0,0.0,0.0,0.0,0,0.0,0.0,0.0,False,0,0,0,0,0,0,0,0.0,0.0,0,0,0,False,False,0.0
339,False,False,0.0,0.0,0.0,0.0,0.0,0,0.0,0.0,0.0,False,0,0,0,0,0,0,0,0.0,0.0,0,0,0,False,False,0.0
340,False,False,0.0,0.0,0.0,0.0,0.0,0,0.0,0.0,0.0,False,0,0,0,0,0,0,0,0.0,0.0,0,0,0,False,False,0.0
341,False,False,0.0,0.0,0.0,0.0,0.0,0,0.0,0.0,0.0,False,0,0,0,0,0,0,0,0.0,0.0,0,0,0,False,False,0.0
342,False,False,0.0,0.0,0.0,0.0,0.0,0,0.0,0.0,0.0,False,0,0,0,0,0,0,0,0.0,0.0,0,0,0,False,False,0.0
343,False,False,0.0,0.0,0.0,0.0,0.0,0,0.0,0.0,0.0,False,0,0,0,0,0,0,0,0.0,0.0,0,0,0,False,False,0.0
344,False,False,0.0,0.0,0.0,0.0,0.0,0,0.0,0.0,0.0,False,0,0,0,0,0,0,0,0.0,0.0,0,0,0,False,False,0.0
345,False,False,0.0,0.0,0.0,0.0,0.0,0,0.0,0.0,0.0,False,0,0,0,0,0,0,0,0.0,0.0,0,0,0,False,False,0.0
346,False,False,0.0,0.0,0.0,0.0,0.0,0,0.0,0.0,0.0,False,0,0,0,0,0,0,0,0.0,0.0,0,0,0,False,False,0.0
347,False,False,0.0,0.0,0.0,0.0,0.0,0,0.0,0.0,0.0,False,0,0,0,0,0,0,0,0.0,0.0,0,0,0,False,False,0.0
348,False,False,0.0,0.0,0.0,0.0,0.0,0,0.0,0.0,0.0,False,0,0,0,0,0,0,0,0.0,0.0,0,0,0,False,False,0.0
349,False,False,0.0,0.0,0.0,0.0,0.0,0,0.0,0.0,0.0,False,0,0,0,0,0,0,0,0.0,0.0,0,0,0,False,False,0.0
350,False,False,0.0,0.0,0.0,0.0,0.0,0,0.0,0.0,0.0,False,0,0,0,0,0,0,0,0.0,0.0,0,0,0,False,False,0.0
351,False,False,0.0,0.0,0.0,0.0,0.0,0,0.0,0.0,0.0,False,0,0,0,0,0,0,0,0.0,0.0,0,0,0,False,False,0.0
352,False,False,0.0,0.0,0.0,0.0,0.0,0,0.0,0.0,0.0,False,0,0,0,0,0,0,0,0.0,0.0,0,0,0,False,False,0.0
353,False,False,0.0,0.0,0.0,0.0,0.0,0,0.0,0.0,0.0,False,0,0,0,0,0,0,0,0.0,0.0,0,0,0,False,False,0.0
354,False,False,0.0,0.0,0.0,0.0,0.0,0,0.0,0.0,0.0,False,0,0,0,0,0,0,0,0.0,0.0,0,0,0,False,False,0.0
355,False,False,0.0,0.0,0.0,0.0,0.0,0,0.0,0.0,0.0,False,0,0,0,0,0,0,0,0.0,0.0,0,0,0,False,False,0.0
356,False,False,0.0,0.0,0.0,0.0,0.0,0,0.0,0.0,0.0,False,0,0,0,0,0,0,0,0.0,0.0,0,0,0,False,False,0.0
357,False,False,0.0,0.0,0.0,0.0,0.0,0,0.0,0.0,0.0,False,0,0,0,0,0,0,0,0.0,0.0,0,0,0,False,False,0.0
358,False,False,0.0,0.0,0.0,0.0,0.0,0,0.0,0.0,0.0,False,0,0,0,0,0,0,0,0.0,0.0,0,0,0,False,False,0.0
359,False,False,0.0,0.0,0.0,0.0,0.0,0,0.0,0.0,0.0,False,0,0,0,0,0,0,0,0.0,0.0,0,0,0,False,False,0.0
360,False,False,0.0,0.0,0.0,0.0,0.0,0,0.0,0.0,0.0,False,0,0,0,0,0,0,0,0.0,0.0,0,0,0,False,False,0.0
361,False,False,0.0,0.0,0.0,0.0,0.0,0,0.0,0.0,0.0,False,0,0,0,0,0,0,0,0.0,0.0,0,0,0,False,False,0.0
362,False,False,0.0,0.0,0.0,0.0,0.0,0,0.0,0.0,0.0,False,0,0,0,0,0,0,0,0.0,0.0,0,0,0,False,False,0.0
363,False,False,0.0,0.0,0.0,0.0,0.0,0,0.0,0.0,0.0,False,0,0,0,0,0,0,0,0.0,0.0,0,0,0,False,False,0.0
364,False,False,0.0,0.0,0.0,0.0,0.0,0,0.0,0.0,0.0,False,0,0,0,0,0,0,0,0.0,0.0,0,0,0,False,False,0.0
365,False,False,0.0,0.0,0.0,0.0,0.0,0,0.0,0.0,0.0,False,0,0,0,0,0,0,0,0.0,0.0,0,0,0,False,False,0.0
366,False,False,0.0,0.0,0.0,0.0,0.0,0,0.0,0.0,0.0,False,0,0,0,0,0,0,0,0.0,0.0,0,0,0,False,False,0.0
367,False,False,0.0,0.0,0.0,0.0,0.0,0,0.0,0.0,0.0,False,0,0,0,0,0,0,0,0.0,0.0,0,0,0,False,False,0.0
368,False,False,0.0,0.0,0.0,0.0,0.0,0,0.0,0.0,0.0,False,0,0,0,0,0,0,0,0.0,0.0,0,0,0,False,False,0.0
369,False,False,0.0,0.0,0.0,0.0,0.0,0,0.0,0.0,0.0,False,0,0,0,0,0,0,0,0.0,0.0,0,0,0,False,False,0.0
370,False,False,0.0,0.0,0.0,0.0,0.0,0,0.0,0.0,0.0,False,0,0,0,0,0,0,0,0.0,0.0,0,0,0,False,False,0.0
371,False,False,0.0,0.0,0.0,0.0,0.0,0,0.0,0.0,0.0,False,0,0,0,0,0,0,0,0.0,0.0,0,0,0,False,False,0.0
372,False,False,0.0,0.0,0.0,0.0,0.0,0,0.0,0.0,0.0,False,0,0,0,0,0,0,0,0.0,0.0,0,0,0,False,False,0.0
373,False,False,0.0,0.0,0.0,0.0,0.0,0,0.0,0.0,0.0,False,0,0,0,0,0,0,0,0.0,0.0,0,0,0,False,False,0.0
374,False,False,0.0,0.0,0.0,0.0,0.0,0,0.0,0.0,0.0,False,0,0,0,0,0,0,0,0.0,0.0,0,0,0,False,False,0.0
375,False,False,0.0,0.0,0.0,0.0,0.0,0,0.0,0.0,0.0,False,0,0,0,0,0,0,0,0.0,0.0,0,0,0,False,False,0.0
376,False,False,0.0,0.0,0.0,0.0,0.0,0,0.0,0.0,0.0,False,0,0,0,0,0,0,0,0.0,0.0,0,0,0,False,False,0.0
377,False,False,0.0,0.0,0.0,0.0,0.0,0,0.0,0.0,0.0,False,0,0,0,0,0,0,0,0.0,0.0,0,0,0,False,False,0.0
378,False,False,0.0,0.0,0.0,0.0,0.0,0,0.0,0.0,0.0,False,0,0,0,0,0,0,0,0.0,0.0,0,0,0,False,False,0.0
379,False,False,0.0,0.0,0.0,0.0,0.0,0,0.0,0.0,0.0,False,0,0,0,0,0,0,0,0.0,0.0,0,0,0,False,False,0.0
380,False,False,0.0,0.0,0.0,0.0,0.0,0,0.0,0.0,0.0,False,0,0,0,0,0,0,0,0.0,0.0,0,0,0,False,False,0.0
381,False,False,0.0,0.0,0.0,0.0,0.0,0,0.0,0.0,0.0,False,0,0,0,0,0,0,0,0.0,0.0,0,0,0,False,False,0.0
382,False,False,0.0,0.0,0.0,0.0,0.0,0,0.0,0.0,0.0,False,0,0,0,0,0,0,0,0.0,0.0,0,0,0,False,False,0.0
383,False,False,0.0,0.0,0.0,0.0,0.0,0,0.0,0.0,0.0,False,0,0,0,0,0,0,0,0.0,0.0,0,0,0,False,False,0.0
384,False,False,0.0,0.0,0.0,0.0,0.0,0,0.0,0.0,0.0,False,0,0,0,0,0,0,0,0.0,0.0,0,0,0,False,False,0.0
385,False,False,0.0,0.0,0.0,0.0,0.0,0,0.0,0.0,0.0,False,0,0,0,0,0,0,0,0.0,0.0,0,0,0,False,False,0.0
386,False,False,0.0,0.0,0.0,0.0,0.0,0,0.0,0.0,0.0,False,0,0,0,0,0,0,0,0.0,0.0,0,0,0,False,False,0.0
387,False,False,0.0,0.0,0.0,0.0,0.0,0,0.0,0.0,0.0,False,0,0,0,0,0,0,0,0.0,0.0,0,0,0,False,False,0.0
388,False,False,0.0,0.0,0.0,0.0,0.0,0,0.0,0.0,0.0,False,0,0,0,0,0,0,0,0.0,0.0,0,0,0,False,False,0.0
389,False,False,0.0,0.0,0.0,0.0,0.0,0,0.0,0.0,0.0,False,0,0,0,0,0,0,0,0.0,0.0,0,0,0,False,False,0.0
390,False,False,0.0,0.0,0.0,0.0,0.0,0,0.0,0.0,0.0,False,0,0,0,0,0,0,0,0.0,0.0,0,0,0,False,False,0.0
391,False,False,0.0,0.0,0.0,0.0,0.0,0,0.0,0.0,0.0,False,0,0,0,0,0,0,0,0.0,0.0,0,0,0,False,False,0.0
392,False,False,0.0,0.0,0.0,0.0,0.0,0,0.0,0.0,0.0,False,0,0,0,0,0,0,0,0.0,0.0,0,0,0,False,False,0.0
393,False,False,0.0,0.0,0.0,0.0,0.0,0,0.0,0.0,0.0,False,0,0,0,0,0,0,0,0.0,0.0,0,0,0,False,False,0.0
394,False,False,0.0,0.0,0.0,0.0,0.0,0,0.0,0.0,0.0,False,0,0,0,0,0,0,0,0.0,0.0,0,0,0,False,False,0.0
395,False,False,0.0,0.0,0.0,0.0,0.0,0,0.0,0.0,0.0,False,0,0,0,0,0,0,0,0.0,0.0,0,0,0,False,False,0.0
396,False,False,0.0,0.0,0.0,0.0,0.0,0,0.0,0.0,0.0,False,0,0,0,0,0,0,0,0.0,0.0,0,0,0,False,False,0.0
397,False,False,0.0,0.0,0.0,0.0,0.0,0,0.0,0.0,0.0,False,0,0,0,0,0,0,0,0.0,0.0,0,0,0,False,False,0.0
398,False,False,0.0,0.0,0.0,0.0,0.0,0,0.0,0.0,0.0,False,0,0,0,0,0,0,0,0.0,0.0,0,0,0,False,False,0.0
399,False,False,0.0,0.0,0.0,0.0,0.0,0,0.0,0.0,0.0,False,0,0,0,0,0,0,0,0.0,0.0,0,0,0,False,False,0.0
400,False,False,0.0,0.0,0.0,0.0,0.0,0,0.0,0.0,0.0,False,0,0,0,0,0,0,0,0.0,0.0,0,0,0,False,False,0.0
401,False,False,0.0,0.0,0.0,0.0,0.0,0,0.0,0.0,0.0,False,0,0,0,0,0,0,0,0.0,0.0,0,0,0,False,False,0.0
402,False,False,0.0,0.0,0.0,0.0,0.0,0,0.0,0.0,0.0,False,0,0,0,0,0,0,0,0.0,0.0,0,0,0,False,False,0.0
403,False,False,0.0,0.0,0.0,0.0,0.0,0,0.0,0.0,0.0,False,0,0,0,0,0,0,0,0.0,0.0,0,0,0,False,False,0.0
404,False,False,0.0,0.0,0.0,0.0,0.0,0,0.0,0.0,0.0,False,0,0,0,0,0,0,0,0.0,0.0,0,0,0,False,False,0.0
405,False,False,0.0,0.0,0.0,0.0,0.0,0,0.0,0.0,0.0,False,0,0,0,0,0,0,0,0.0,0.0,0,0,0,False,False,0.0
406,False,False,0.0,0.0,0.0,0.0,0.0,0,0.0,0.0,0.0,False,0,0,0,0,0,0,0,0.0,0.0,0,0,0,False,False,0.0
407,False,False,0.0,0.0,0.0,0.0,0.0,0,0.0,0.0,0.0,False,0,0,0,0,0,0,0,0.0,0.0,0,0,0,False,False,0.0
408,False,False,0.0,0.0,0.0,0.0,0.0,0,0.0,0.0,0.0,False,0,0,0,0,0,0,0,0.0,0.0,0,0,0,False,False,0.0
409,False,False,0.0,0.0,0.0,0.0,0.0,0,0.0,0.0,0.0,False,0,0,0,0,0,0,0,0.0,0.0,0,0,0,False,False,0.0
410,False,False,0.0,0.0,0.0,0.0,0.0,0,0.0,0.0,0.0,False,0,0,0,0,0,0,0,0.0,0.0,0,0,0,False,False,0.0
411,False,False,0.0,0.0,0.0,0.0,0.0,0,0.0,0.0,0.0,False,0,0,0,0,0,0,0,0.0,0.0,0,0,0,False,False,0.0
412,False,False,0.0,0.0,0.0,0.0,0.0,0,0.0,0.0,0.0,False,0,0,0,0,0,0,0,0.0,0.0,0,0,0,False,False,0.0
413,False,False,0.0,0.0,0.0,0.0,0.0,0,0.0,0.0,0.0,False,0,0,0,0,0,0,0,0.0,0.0,0,0,0,False,False,0.0
414,False,False,0.0,0.0,0.0,0.0,0.0,0,0.0,0.0,0.0,False,0,0,0,0,0,0,0,0.0,0.0,0,0,0,False,False,0.0
415,False,False,0.0,0.0,0.0,0.0,0.0,0,0.0,0.0,0.0,False,0,0,0,0,0,0,0,0.0,0.0,0,0,0,False,False,0.0
416,False,False,0.0,0.0,0.0,0.0,0.0,0,0.0,0.0,0.0,False,0,0,0,0,0,0,0,0.0,0.0,0,0,0,False,False,0.0
417,False,False,0.0,0.0,0.0,0.0,0.0,0,0.0,0.0,0.0,False,0,0,0,0,0,0,0,0.0,0.0,0,0,0,False,False,0.0
418,False,False,0.0,0.0,0.0,0.0,0.0,0,0.0,0.0,0.0,False,0,0,0,0,0,0,0,0.0,0.0,0,0,0,False,False,0.0
419,False,False,0.0,0.0,0.0,0.0,0.0,0,0.0,0.0,0.0,False,0,0,0,0,0,0,0,0.0,0.0,0,0,0,False,False,0.0
420,False,False,0.0,0.0,0.0,0.0,0.0,0,0.0,0.0,0.0,False,0,0,0,0,0,0,0,0.0,0.0,0,0,0,False,False,0.0
421,False,False,0.0,0.0,0.0,0.0,0.0,0,0.0,0.0,0.0,False,0,0,0,0,0,0,0,0.0,0.0,0,0,0,False,False,0.0
422,False,False,0.0,0.0,0.0,0.0,0.0,0,0.0,0.0,0.0,False,0,0,0,0,0,0,0,0.0,0.0,0,0,0,False,False,0.0
423,False,False,0.0,0.0,0.0,0.0,0.0,0,0.0,0.0,0.0,False,0,0,0,0,0,0,0,0.0,0.0,0,0,0,False,False,0.0
424,False,False,0.0,0.0,0.0,0.0,0.0,0,0.0,0.0,0.0,False,0,0,0,0,0,0,0,0.0,0.0,0,0,0,False,False,0.0
425,False,False,0.0,0.0,0.0,0.0,0.0,0,0.0,0.0,0.0,False,0,0,0,0,0,0,0,0.0,0.0,0,0,0,False,False,0.0
426,False,False,0.0,0.0,0.0,0.0,0.0,0,0.0,0.0,0.0,False,0,0,0,0,0,0,0,0.0,0.0,0,0,0,False,False,0.0
427,False,False,0.0,0.0,0.0,0.0,0.0,0,0.0,0.0,0.0,False,0,0,0,0,0,0,0,0.0,0.0,0,0,0,False,False,0.0
428,False,False,0.0,0.0,0.0,0.0,0.0,0,0.0,0.0,0.0,False,0,0,0,0,0,0,0,0.0,0.0,0,0,0,False,False,0.0
429,False,False,0.0,0.0,0.0,0.0,0.0,0,0.0,0.0,0.0,False,0,0,0,0,0,0,0,0.0,0.0,0,0,0,False,False,0.0
430,False,False,0.0,0.0,0.0,0.0,0.0,0,0.0,0.0,0.0,False,0,0,0,0,0,0,0,0.0,0.0,0,0,0,False,False,0.0
431,False,False,0.0,0.0,0.0,0.0,0.0,0,0.0,0.0,0.0,False,0,0,0,0,0,0,0,0.0,0.0,0,0,0,False,False,0.0
432,False,False,0.0,0.0,0.0,0.0,0.0,0,0.0,0.0,0.0,False,0,0,0,0,0,0,0,0.0,0.0,0,0,0,False,False,0.0
433,False,False,0.0,0.0,0.0,0.0,0.0,0,0.0,0.0,0.0,False,0,0,0,0,0,0,0,0.0,0.0,0,0,0,False,False,0.0
434,False,False,0.0,0.0,0.0,0.0,0.0,0,0.0,0.0,0.0,False,0,0,0,0,0,0,0,0.0,0.0,0,0,0,False,False,0.0
435,False,False,0.0,0.0,0.0,0.0,0.0,0,0.0,0.0,0.0,False,0,0,0,0,0,0,0,0.0,0.0,0,0,0,False,False,0.0
436,False,False,0.0,0.0,0.0,0.0,0.0,0,0.0,0.0,0.0,False,0,0,0,0,0,0,0,0.0,0.0,0,0,0,False,False,0.0
437,False,False,0.0,0.0,0.0,0.0,0.0,0,0.0,0.0,0.0,False,0,0,0,0,0,0,0,0.0,0.0,0,0,0,False,False,0.0
438,False,False,0.0,0.0,0.0,0.0,0.0,0,0.0,0.0,0.0,False,0,0,0,0,0,0,0,0.0,0.0,0,0,0,False,False,0.0
439,False,False,0.0,0.0,0.0,0.0,0.0,0,0.0,0.0,0.0,False,0,0,0,0,0,0,0,0.0,0.0,0,0,0,False,False,0.0
440,False,False,0.0,0.0,0.0,0.0,0.0,0,0.0,0.0,0.0,False,0,0,0,0,0,0,0,0.0,0.0,0,0,0,False,False,0.0
441,False,False,0.0,0.0,0.0,0.0,0.0,0,0.0,0.0,0.0,False,0,0,0,0,0,0,0,0.0,0.0,0,0,0,False,False,0.0
442,False,False,0.0,0.0,0.0,0.0,0.0,0,0.0,0.0,0.0,False,0,0,0,0,0,0,0,0.0,0.0,0,0,0,False,False,0.0
443,False,False,0.0,0.0,0.0,0.0,0.0,0,0.0,0.0,0.0,False,0,0,0,0,0,0,0,0.0,0.0,0,0,0,False,False,0.0
444,False,False,0.0,0.0,0.0,0.0,0.0,0,0.0,0.0,0.0,False,0,0,0,0,0,0,0,0.0,0.0,0,0,0,False,False,0.0
445,False,False,0.0,0.0,0.0,0.0,0.0,0,0.0,0.0,0.0,False,0,0,0,0,0,0,0,0.0,0.0,0,0,0,False,False,0.0
446,False,False,0.0,0.0,0.0,0.0,0.0,0,0.0,0.0,0.0,False,0,0,0,0,0,0,0,0.0,0.0,0,0,0,False,False,0.0
447,False,False,0.0,0.0,0.0,0.0,0.0,0,0.0,0.0,0.0,False,0,0,0,0,0,0,0,0.0,0.0,0,0,0,False,False,0.0
448,False,False,0.0,0.0,0.0,0.0,0.0,0,0.0,0.0,0.0,False,0,0,0,0,0,0,0,0.0,0.0,0,0,0,False,False,0.0
449,False,False,0.0,0.0,0.0,0.0,0.0,0,0.0,0.0,0.0,False,0,0,0,0,0,0,0,0.0,0.0,0,0,0,False,False,0.0
450,False,False,0.0,0.0,0.0,0.0,0.0,0,0.0,0.0,0.0,False,0,0,0,0,0,0,0,0.0,0.0,0,0,0,False,False,0.0
451,False,False,0.0,0.0,0.0,0.0,0.0,0,0.0,0.0,0.0,False,0,0,0,0,0,0,0,0.0,0.0,0,0,0,False,False,0.0
452,False,False,0.0,0.0,0.0,0.0,0.0,0,0.0,0.0,0.0,False,0,0,0,0,0,0,0,0.0,0.0,0,0,0,False,False,0.0
453,False,False,0.0,0.0,0.0,0.0,0.0,0,0.0,0.0,0.0,False,0,0,0,0,0,0,0,0.0,0.0,0,0,0,False,False,0.0
454,False,False,0.0,0.0,0.0,0.0,0.0,0,0.0,0.0,0.0,False,0,0,0,0,0,0,0,0.0,0.0,0,0,0,False,False,0.0
455,False,False,0.0,0.0,0.0,0.0,0.0,0,0.0,0.0,0.0,False,0,0,0,0,0,0,0,0.0,0.0,0,0,0,False,False,0.0
456,False,False,0.0,0.0,0.0,0.0,0.0,0,0.0,0.0,0.0,False,0,0,0,0,0,0,0,0.0,0.0,0,0,0,False,False,0.0
457,False,False,0.0,0.0,0.0,0.0,0.0,0,0.0,0.0,0.0,False,0,0,0,0,0,0,0,0.0,0.0,0,0,0,False,False,0.0
458,False,False,0.0,0.0,0.0,0.0,0.0,0,0.0,0.0,0.0,False,0,0,0,0,0,0,0,0.0,0.0,0,0,0,False,False,0.0
459,False,False,0.0,0.0,0.0,0.0,0.0,0,0.0,0.0,0.0,False,0,0,0,0,0,0,0,0.0,0.0,0,0,0,False,False,0.0
460,False,False,0.0,0.0,0.0,0.0,0.0,0,0.0,0.0,0.0,False,0,0,0,0,0,0,0,0.0,0.0,0,0,0,False,False,0.0
461,False,False,0.0,0.0,0.0,0.0,0.0,0,0.0,0.0,0.0,False,0,0,0,0,0,0,0,0.0,0.0,0,0,0,False,False,0.0
462,False,False,0.0,0.0,0.0,0.0,0.0,0,0.0,0.0,0.0,False,0,0,0,0,0,0,0,0.0,0.0,0,0,0,False,False,0.0
463,False,False,0.0,0.0,0.0,0.0,0.0,0,0.0,0.0,0.0,False,0,0,0,0,0,0,0,0.0,0.0,0,0,0,False,False,0.0
464,False,False,0.0,0.0,0.0,0.0,0.0,0,0.0,0.0,0.0,False,0,0,0,0,0,0,0,0.0,0.0,0,0,0,False,False,0.0
465,False,False,0.0,0.0,0.0,0.0,0.0,0,0.0,0.0,0.0,False,0,0,0,0,0,0,0,0.0,0.0,0,0,0,False,False,0.0
466,False,False,0.0,0.0,0.0,0.0,0.0,0,0.0,0.0,0.0,False,0,0,0,0,0,0,0,0.0,0.0,0,0,0,False,False,0.0
467,False,False,0.0,0.0,0.0,0.0,0.0,0,0.0,0.0,0.0,False,0,0,0,0,0,0,0,0.0,0.0,0,0,0,False,False,0.0
468,False,False,0.0,0.0,0.0,0.0,0.0,0,0.0,0.0,0.0,False,0,0,0,0,0,0,0,0.0,0.0,0,0,0,False,False,0.0
469,False,False,0.0,0.0,0.0,0.0,0.0,0,0.0,0.0,0.0,False,0,0,0,0,0,0,0,0.0,0.0,0,0,0,False,False,0.0
470,False,False,0.0,0.0,0.0,0.0,0.0,0,0.0,0.0,0.0,False,0,0,0,0,0,0,0,0.0,0.0,0,0,0,False,False,0.0
471,False,False,0.0,0.0,0.0,0.0,0.0,0,0.0,0.0,0.0,False,0,0,0,0,0,0,0,0.0,0.0,0,0,0,False,False,0.0
472,False,False,0.0,0.0,0.0,0.0,0.0,0,0.0,0.0,0.0,False,0,0,0,0,0,0,0,0.0,0.0,0,0,0,False,False,0.0
473,False,False,0.0,0.0,0.0,0.0,0.0,0,0.0,0.0,0.0,False,0,0,0,0,0,0,0,0.0,0.0,0,0,0,False,False,0.0
474,False,False,0.0,0.0,0.0,0.0,0.0,0,0.0,0.0,0.0,False,0,0,0,0,0,0,0,0.0,0.0,0,0,0,False,False,0.0
475,False,False,0.0,0.0,0.0,0.0,0.0,0,0.0,0.0,0.0,False,0,0,0,0,0,0,0,0.0,0.0,0,0,0,False,False,0.0
476,False,False,0.0,0.0,0.0,0.0,0.0,0,0.0,0.0,0.0,False,0,0,0,0,0,0,0,0.0,0.0,0,0,0,False,False,0.0
477,False,False,0.0,0.0,0.0,0.0,0.0,0,0.0,0.0,0.0,False,0,0,0,0,0,0,0,0.0,0.0,0,0,0,False,False,0.0
478,False,False,0.0,0.0,0.0,0.0,0.0,0,0.0,0.0,0.0,False,0,0,0,0,0,0,0,0.0,0.0,0,0,0,False,False,0.0
479,False,False,0.0,0.0,0.0,0.0,0.0,0,0.0,0.0,0.0,False,0,0,0,0,0,0,0,0.0,0.0,0,0,0,False,False,0.0
480,False,False,0.0,0.0,0.0,0.0,0.0,0,0.0,0.0,0.0,False,0,0,0,0,0,0,0,0.0,0.0,0,0,0,False,False,0.0
481,False,False,0.0,0.0,0.0,0.0,0.0,0,0.0,0.0,0.0,False,0,0,0,0,0,0,0,0.0,0.0,0,0,0,False,False,0.0
482,False,False,0.0,0.0,0.0,0.0,0.0,0,0.0,0.0,0.0,False,0,0,0,0,0,0,0,0.0,0.0,0,0,0,False,False,0.0
483,False,False,0.0,0.0,0.0,0.0,0.0,0,0.0,0.0,0.0,False,0,0,0,0,0,0,0,0.0,0.0,0,0,0,False,False,0.0
484,False,False,0.0,0.0,0.0,0.0,0.0,0,0.0,0.0,0.0,False,0,0,0,0,0,0,0,0.0,0.0,0,0,0,False,False,0.0
485,False,False,0.0,0.0,0.0,0.0,0.0,0,0.0,0.0,0.0,False,0,0,0,0,0,0,0,0.0,0.0,0,0,0,False,False,0.0
486,False,False,0.0,0.0,0.0,0.0,0.0,0,0.0,0.0,0.0,False,0,0,0,0,0,0,0,0.0,0.0,0,0,0,False,False,0.0
487,False,False,0.0,0.0,0.0,0.0,0.0,0,0.0,0.0,0.0,False,0,0,0,0,0,0,0,0.0,0.0,0,0,0,False,False,0.0
488,False,False,0.0,0.0,0.0,0.0,0.0,0,0.0,0.0,0.0,False,0,0,0,0,0,0,0,0.0,0.0,0,0,0,False,False,0.0
489,False,False,0.0,0.0,0.0,0.0,0.0,0,0.0,0.0,0.0,False,0,0,0,0,0,0,0,0.0,0.0,0,0,0,False,False,0.0
490,False,False,0.0,0.0,0.0,0.0,0.0,0,0.0,0.0,0.0,False,0,0,0,0,0,0,0,0.0,0.0,0,0,0,False,False,0.0
491,False,False,0.0,0.0,0.0,0.0,0.0,0,0.0,0.0,0.0,False,0,0,0,0,0,0,0,0.0,0.0,0,0,0,False,False,0.0
492,False,False,0.0,0.0,0.0,0.0,0.0,0,0.0,0.0,0.0,False,0,0,0,0,0,0,0,0.0,0.0,0,0,0,False,False,0.0
493,False,False,0.0,0.0,0.0,0.0,0.0,0,0.0,0.0,0.0,False,0,0,0,0,0,0,0,0.0,0.0,0,0,0,False,False,0.0
494,False,False,0.0,0.0,0.0,0.0,0.0,0,0.0,0.0,0.0,False,0,0,0,0,0,0,0,0.0,0.0,0,0,0,False,False,0.0
495,False,False,0.0,0.0,0.0,0.0,0.0,0,0.0,0.0,0.0,False,0,0,0,0,0,0,0,0.0,0.0,0,0,0,False,False,0.0
496,False,False,0.0,0.0,0.0,0.0,0.0,0,0.0,0.0,0.0,False,0,0,0,0,0,0,0,0.0,0.0,0,0,0,False,False,0.0
497,False,False,0.0,0.0,0.0,0.0,0.0,0,0.0,0.0,0.0,False,0,0,0,0,0,0,0,0.0,0.0,0,0,0,False,False,0.0
498,False,False,0.0,0.0,0.0,0.0,0.0,0,0.0,0.0,0.0,False,0,0,0,0,0,0,0,0.0,0.0,0,0,0,False,False,0.0
499,False,False,0.0,0.0,0.0,0.0,0.0,0,0.0,0.0,0.0,False,0,0,0,0,0,0,0,0.0,0.0,0,0,0,False,False,0.0
